TSG,RelativeTumor_95,CI_low_tumor,CI_high_tumor,Variants
PTEN, 2.0431133289255117, 0.7498195697943222, 3.557266918747846,EGFR_L858R
STK11, 0.3954421228505568, 0.3194907691186145, 0.5930204848687161,EGFR_L858R
NF1, 1.2377262853054276,, 1.483732248281619,EGFR_L858R
SETD2, 0.8165948124160304, 0.38299158933399335, 1.1365139438309533,EGFR_L858R
STAG2, 1.124458774493085, 0.8431411945418555, 1.4370167948198806,EGFR_L858R
TSC1, 1.8760422354428112, 1.1125314760964862, 2.9048457122286475,EGFR_L858R
RB1, 1.2245975418841264, 1.0325086342972027, 1.5483903599553033,EGFR_L858R
FBXW7, 0.8165948124160304, 0.6458319722610943, 0.9582417242151059,EGFR_L858R
RNF43, 2.813386363791415, 1.9577964390764482, 4.497835097972337,EGFR_L858R
RBM10, 1.9999999999999987, 1.483732248281619, 2.4754525706108543,EGFR_L858R
MGA, 1.2644075355344904, 0.9280713907708407, 1.9370298064009288,EGFR_L858R
KEAP1, 0.5503653461477076, 0.2902533483938404, 1.021556664462756,EGFR_L858R
KMT2D, 0.6885047255971347,, 0.8253494141563548,EGFR_L858R
SMAD4, 1.3195079107728935, 0.9893928539959363, 1.5817684914022265,EGFR_L858R
CMTR2, 0.9280713907708407, 0.7418661241408095, 1.124458774493085,EGFR_L858R
TP53,4.042883455, 2.6390158215457866, 6.532758499328235,EGFR_L858R
CDKN2A, 1.2245975418841264, 1.021556664462756, 1.515716566510397,EGFR_L858R
NF2, 0.6122987709420631, 0.42157059727092816, 0.8705505632961239,EGFR_L858R
APC, 1.6158661440291449, 1.2644075355344904, 2.0431133289255117,EGFR_L858R
PTPRD, 1.1125314760964862, 0.8165948124160304, 1.2916639445221882,EGFR_L858R
ATM, 0.8988509731955415, 0.6122987709420631, 1.3479521000613777,EGFR_L858R
MSN2,0.908487432, 0.7262114280571624, 1.1987563534012577,EGFR_L858R
ARID2, 0.8431411945418555,0.58673023, 1.2245975418841264,EGFR_L858R
KDM6A, 0.9582417242151059,, 1.1486983549970347,EGFR_L858R
ATRX, 1.021556664462756, 0.8431411945418555, 1.2509957801964382,EGFR_L858R
BRCA2,0.861316506, 0.6389815382372288, 1.124458774493085,EGFR_L858R
PALB2, 0.7824952210346483, 0.5387516574395298, 1.0775033148790596,EGFR_L858R