TSG,RelativeTumor_95,CI_low_tumor,CI_high_tumor,Variants
PTEN, 6.620438965322736, 4.593639627157179, 9.541282072097651,EGFR_L858R
STK11, 0.18695942424235795, 0.13136985718548794,,EGFR_L858R
NF1, 2.4749417975203873,,,EGFR_L858R
SETD2, 0.8058244860120636, 0.5955002063191651,,EGFR_L858R
STAG2, 1.2519925306356674,,,EGFR_L858R
TSC1, 0.7005266581216487,0.504800269, 0.9013430611249793,EGFR_L858R
RB1, 1.0348986296345453,,,EGFR_L858R
FBXW7, 1.2815636546165563, 1.034402566796703,,EGFR_L858R
RNF43, 1.1728001397547225,,,EGFR_L858R
RBM10, 0.8884004014574008,,,EGFR_L858R
MGA, 0.9106511214849904,,,EGFR_L858R
KEAP1, 0.31979165919932107, 0.24543042909773904, 0.3912366167657093,EGFR_L858R
KMT2D, 2.0381443858126413, 1.624486248336816, 2.462260718672436,EGFR_L858R
SMAD4, 0.7340009090502928,,,EGFR_L858R
CMTR2, 0.7813753318792501,,,EGFR_L858R
TP53, 1.4482608522820066,,,EGFR_L858R
CDKN2A, 1.2761912364830328,,,EGFR_L858R
NF2, 0.6298023363476382,,,EGFR_L858R
APC, 0.7898140735405597,,,EGFR_L858R
PTPRD, 1.068267822158719,,,EGFR_L858R
ATM, 0.7990824848118998,,,EGFR_L858R
MSN2,0.85065745,,,EGFR_L858R
ARID2, 0.7883368169085001, 0.6050246705365285,,EGFR_L858R
KDM6A, 1.389331280857711,,,EGFR_L858R
ATRX, 0.8821952884060392,,,EGFR_L858R
BRCA2, 0.7117309213910603,,,EGFR_L858R
PALB2, 0.5670138431981058,,,EGFR_L858R