TSG,RelativeTumor_95,CI_low_tumor,CI_high_tumor,Variants
PTEN, 2.3114321605043955, 1.9294658069986625, 2.864398771411987,KRAS_G12D
STK11, 0.6034442585350563,,,KRAS_G12D
NF1, 1.744499380554471,,,KRAS_G12D
SETD2,0.699416645,,,KRAS_G12D
STAG2, 0.6538809707693046,,,KRAS_G12D
TSC1, 1.0050006763590942,,,KRAS_G12D
RB1, 0.9829797861374923,,,KRAS_G12D
FBXW7, 0.9086666074329018,,,KRAS_G12D
RNF43, 0.9298091546855777,,,KRAS_G12D
RBM10, 0.9197511161097973,,,KRAS_G12D
MGA, 1.1662923273339931,,,KRAS_G12D
KEAP1, 0.9205202028616617,,,KRAS_G12D
KMT2D, 0.8605895334931077,,,KRAS_G12D
SMAD4, 0.7518769177162062,,,KRAS_G12D
CMTR2, 0.8140475471735965,,,KRAS_G12D
TP53, 2.274990834881344,,,KRAS_G12D
CDKN2A, 1.6220950137214414,,,KRAS_G12D
NF2, 1.0215205646403074,,,KRAS_G12D
APC, 0.9337031473977968,,,KRAS_G12D
PTPRD, 1.033981739585838,,,KRAS_G12D
ATM, 0.8160913506603568,,,KRAS_G12D
MSN2,0.978052347,,,KRAS_G12D
ARID2, 0.7052798752929972,,,KRAS_G12D
KDM6A,1.071388877,,,KRAS_G12D
ATRX, 0.9466742838424056,,,KRAS_G12D
BRCA2, 0.9364338098509384,,,KRAS_G12D
PALB2, 0.9159058588009499,,,KRAS_G12D